,hours,NO_2_mean
0,1,13.375000
1,2,30.041667
2,3,30.666667
3,4,20.416667
4,5,16.958333